split,Random Forest (แบบที่ระบบใช้จริง),Random Forest (ปรับพารามิเตอร์),Decision Tree,K-Nearest Neighbors,Naive Bayes,Logistic Regression,SVM (RBF),Gradient Boosting,Neural Network (MLP),Baseline: แนะนำที่ยอดนิยมที่สุด (ไม่ใช้ AI)
0,64.29,75.0,67.86,60.71,67.86,75.0,67.86,60.71,67.86,67.86
1,76.19,76.19,90.48,66.67,76.19,90.48,61.9,76.19,90.48,61.9
2,64.0,68.0,76.0,64.0,72.0,76.0,80.0,72.0,72.0,76.0
3,75.86,79.31,86.21,79.31,89.66,86.21,89.66,75.86,86.21,75.86
4,69.57,65.22,60.87,56.52,60.87,73.91,65.22,65.22,69.57,60.87
5,75.0,75.0,75.0,70.83,70.83,70.83,62.5,75.0,70.83,62.5
6,73.08,76.92,73.08,76.92,73.08,76.92,80.77,73.08,76.92,69.23
7,55.0,50.0,50.0,55.0,55.0,75.0,45.0,40.0,70.0,45.0
8,71.11,62.22,68.89,68.89,68.89,62.22,57.78,66.67,68.89,68.89
9,66.67,77.78,77.78,70.37,77.78,77.78,77.78,70.37,77.78,66.67
10,55.17,68.97,68.97,62.07,75.86,68.97,79.31,65.52,68.97,55.17
11,64.86,64.86,67.57,62.16,72.97,67.57,64.86,64.86,70.27,59.46
12,69.05,71.43,78.57,71.43,78.57,76.19,71.43,64.29,78.57,69.05
13,76.0,68.0,72.0,68.0,72.0,72.0,76.0,72.0,68.0,68.0
14,66.67,66.67,60.0,60.0,70.0,70.0,60.0,60.0,66.67,53.33
15,42.86,60.71,46.43,50.0,57.14,57.14,42.86,35.71,57.14,46.43
16,64.52,74.19,67.74,61.29,70.97,74.19,74.19,67.74,64.52,67.74
17,88.89,92.59,92.59,88.89,85.19,92.59,88.89,81.48,92.59,88.89
18,62.5,66.67,62.5,62.5,62.5,62.5,62.5,58.33,58.33,54.17
19,66.67,70.83,62.5,58.33,83.33,87.5,62.5,58.33,66.67,66.67
20,68.0,68.0,68.0,68.0,68.0,68.0,68.0,68.0,68.0,68.0
21,83.87,87.1,87.1,87.1,87.1,90.32,93.55,80.65,87.1,90.32
22,73.08,73.08,65.38,69.23,69.23,69.23,61.54,65.38,61.54,61.54
23,57.14,64.29,61.9,61.9,61.9,66.67,69.05,57.14,61.9,59.52
24,59.09,63.64,63.64,68.18,72.73,68.18,68.18,68.18,63.64,68.18
25,66.67,71.43,52.38,66.67,71.43,71.43,57.14,57.14,57.14,52.38
26,52.94,52.94,58.82,47.06,64.71,58.82,64.71,47.06,58.82,52.94
27,65.0,65.0,60.0,50.0,55.0,55.0,45.0,45.0,55.0,35.0
28,69.57,69.57,73.91,73.91,86.96,91.3,86.96,69.57,86.96,86.96
29,65.38,61.54,61.54,65.38,73.08,69.23,69.23,46.15,69.23,57.69
