ประทับเวลา,"ส่วนที่ 1: สถานการณ์ทริปไป-กลับวันเดียว (Day Trip)

1. สมมติว่าคุณมีเวลาเที่ยวแค่ไป-กลับ คุณตั้งงบประมาณไว้ที่เท่าไหร่? (ต่อ 1 ท่าน)",2. คุณมีเวลาสำหรับการท่องเที่ยวในทริปนี้กี่ชั่วโมง?,3. สไตล์หรืออารมณ์ของทริป 1 วันนี้ ที่คุณต้องการคือแบบไหน? (Trip Mood),4. หมวดหมู่สถานที่ท่องเที่ยวที่คุณสนใจที่สุดในทริปนี้คืออะไร?,5. จากงบประมาณและสไตล์ที่เลือก คุณจะเลือกไปสถานที่ใดในสุราษฎร์ธานี? (สำหรับไป-กลับ),1. สำหรับทริปค้างคืนนี้ คุณตั้งงบประมาณไว้ที่เท่าไหร่? (ต่อ 1 ท่าน),2. คุณมีเวลาสำหรับการท่องเที่ยวค้างคืนนี้กี่ชั่วโมง?,3. สไตล์หรืออารมณ์ของทริปค้างคืนนี้ ที่คุณต้องการคือแบบไหน? (Trip Mood),4. หมวดหมู่สถานที่ท่องเที่ยวที่คุณสนใจที่สุดในทริปนี้คืออะไร?,5. จากงบและสไตล์ที่เลือก คุณจะเลือกไปสถานที่ใดในสุราษฎร์ธานี? (สำหรับค้างคืน)
"18/8/2026, 22:54:11",1500,8,⛰️ เน้นลุยๆ / ผจญภัย (Adventure),ธรรมชาติและภูเขา,เขาสก,3000,48,⛰️ เน้นลุยๆ / ผจญภัย (Adventure),ธรรมชาติและภูเขา,เกาะพะงัน
"18/8/2026, 23:07:03",2000,12,"🌿 เน้นพักผ่อน / ชิลๆ (Chill), 📸 สายคาเฟ่ / ถ่ายรูป / เช็คอิน (Social)","ธรรมชาติและภูเขา, คาเฟ่, ร้านอาหาร",เขาศก,5000,72,🌿 เน้นพักผ่อน / ชิลๆ (Chill),"ทะเลและหมู่เกาะ, ธรรมชาติและภูเขา, ร้านอาหารพื้นบ้าน",เกาะสมุย
"18/8/2026, 23:13:05",2000,12,"🌿 เน้นพักผ่อน / ชิลๆ (Chill), ⛰️ เน้นลุยๆ / ผจญภัย (Adventure)","ทะเลและหมู่เกาะ, ธรรมชาติและภูเขา",อุทยานแห่งชาติเขาสก,5000,72,"🌿 เน้นพักผ่อน / ชิลๆ (Chill), ⛰️ เน้นลุยๆ / ผจญภัย (Adventure), ⛩️ เน้นเรียนรู้วัฒนธรรม / ประวัติศาสตร์ (Culture), 📸 สายคาเฟ่ / ถ่ายรูป / เช็คอิน (Social)","ทะเลและหมู่เกาะ, ธรรมชาติและภูเขา, วัดและวัฒนธรรม, วิถีชีวิตชุมชน, คาเฟ่สไตล์ชิคๆ, ร้านอาหารพื้นบ้าน",เกาะสมุย
"18/8/2026, 23:22:10",1000,12,"🌿 เน้นพักผ่อน / ชิลๆ (Chill), ⛰️ เน้นลุยๆ / ผจญภัย (Adventure)","ทะเลและหมู่เกาะ, ธรรมชาติและภูเขา, วัดและวัฒนธรรม, วิถีชีวิตชุมชน, คาเฟ่, ร้านอาหาร",คลองน้ำใส,4000,48,"🌿 เน้นพักผ่อน / ชิลๆ (Chill), ⛰️ เน้นลุยๆ / ผจญภัย (Adventure)","ทะเลและหมู่เกาะ, ธรรมชาติและภูเขา, วัดและวัฒนธรรม, วิถีชีวิตชุมชน, คาเฟ่สไตล์ชิคๆ, ร้านอาหารพื้นบ้าน",เขาสก
"18/8/2026, 23:24:26",2000,4,"🌿 เน้นพักผ่อน / ชิลๆ (Chill), ⛰️ เน้นลุยๆ / ผจญภัย (Adventure), 📸 สายคาเฟ่ / ถ่ายรูป / เช็คอิน (Social)","ทะเลและหมู่เกาะ, ธรรมชาติและภูเขา, วัดและวัฒนธรรม",ป่าต้นน้ำบ้านน้ำราด,2000,48,"🌿 เน้นพักผ่อน / ชิลๆ (Chill), ⛰️ เน้นลุยๆ / ผจญภัย (Adventure), ⛩️ เน้นเรียนรู้วัฒนธรรม / ประวัติศาสตร์ (Culture), 📸 สายคาเฟ่ / ถ่ายรูป / เช็คอิน (Social)","ทะเลและหมู่เกาะ, ธรรมชาติและภูเขา, วัดและวัฒนธรรม, วิถีชีวิตชุมชน, ร้านอาหารพื้นบ้าน",เกาะสมุย
"18/8/2026, 23:26:33",3000,6,"🌿 เน้นพักผ่อน / ชิลๆ (Chill), ⛰️ เน้นลุยๆ / ผจญภัย (Adventure)","ทะเลและหมู่เกาะ, ธรรมชาติและภูเขา, วัดและวัฒนธรรม, วิถีชีวิตชุมชน",ทะเลพุมเรียง,5000,72,"🌿 เน้นพักผ่อน / ชิลๆ (Chill), ⛰️ เน้นลุยๆ / ผจญภัย (Adventure), 📸 สายคาเฟ่ / ถ่ายรูป / เช็คอิน (Social)","ทะเลและหมู่เกาะ, ธรรมชาติและภูเขา, วัดและวัฒนธรรม",เกาะพงัน
"18/8/2026, 23:32:27",500,5,"🌿 เน้นพักผ่อน / ชิลๆ (Chill), ⛩️ เน้นเรียนรู้วัฒนธรรม / ประวัติศาสตร์ (Culture), 📸 สายคาเฟ่ / ถ่ายรูป / เช็คอิน (Social)","ธรรมชาติและภูเขา, คาเฟ่, ร้านอาหาร",สังกะสีหมูกระทะ,4000,72,"🌿 เน้นพักผ่อน / ชิลๆ (Chill), ⛰️ เน้นลุยๆ / ผจญภัย (Adventure), 📸 สายคาเฟ่ / ถ่ายรูป / เช็คอิน (Social)","ทะเลและหมู่เกาะ, ธรรมชาติและภูเขา, คาเฟ่",เกาะแรต
"18/8/2026, 23:39:57",1000,8,🌿 เน้นพักผ่อน / ชิลๆ (Chill),"ทะเลและหมู่เกาะ, ธรรมชาติและภูเขา",ป่าต้นน้ำ บ้านน้ำราด,3000,48,"🌿 เน้นพักผ่อน / ชิลๆ (Chill), 📸 สายคาเฟ่ / ถ่ายรูป / เช็คอิน (Social)","ทะเลและหมู่เกาะ, ธรรมชาติและภูเขา",เกาะสมุย
"18/8/2026, 23:41:51",1500,6,"🌿 เน้นพักผ่อน / ชิลๆ (Chill), ⛩️ เน้นเรียนรู้วัฒนธรรม / ประวัติศาสตร์ (Culture), 📸 สายคาเฟ่ / ถ่ายรูป / เช็คอิน (Social)","วัดและวัฒนธรรม, วิถีชีวิตชุมชน, คาเฟ่, ร้านอาหาร",พัทลุงคาเฟ่ ร้านอาหารที่เค้ารีวิวอะไรแบบนี้,10000,72,"🌿 เน้นพักผ่อน / ชิลๆ (Chill), ⛩️ เน้นเรียนรู้วัฒนธรรม / ประวัติศาสตร์ (Culture), 📸 สายคาเฟ่ / ถ่ายรูป / เช็คอิน (Social)","วัดและวัฒนธรรม, วิถีชีวิตชุมชน, คาเฟ่, ร้านอาหารพื้นบ้าน",เกาะสมุย เกาะมัดสุมและอื่นๆ
"19/8/2026, 0:10:48",3000,12,⛰️ เน้นลุยๆ / ผจญภัย (Adventure),ธรรมชาติและภูเขา,น้ำตกเหมืองทวด,5000,72,⛰️ เน้นลุยๆ / ผจญภัย (Adventure),ธรรมชาติและภูเขา,เกาะสมุย
"19/8/2026, 2:25:02",1000,6,🌿 เน้นพักผ่อน / ชิลๆ (Chill),ธรรมชาติและภูเขา,ป่าต้นน้ำ,5000,48,🌿 เน้นพักผ่อน / ชิลๆ (Chill),ทะเลและหมู่เกาะ,เกาะพะงัน
"19/8/2026, 3:05:26",1500,12,🌿 เน้นพักผ่อน / ชิลๆ (Chill),ธรรมชาติและภูเขา,ป่าต้นน้ำ บ้านน้ำราด,5000,72,⛰️ เน้นลุยๆ / ผจญภัย (Adventure),ทะเลและหมู่เกาะ,เกาะสมุย
"19/8/2026, 6:31:24",3000,6,"🌿 เน้นพักผ่อน / ชิลๆ (Chill), ⛩️ เน้นเรียนรู้วัฒนธรรม / ประวัติศาสตร์ (Culture), 📸 สายคาเฟ่ / ถ่ายรูป / เช็คอิน (Social)","ทะเลและหมู่เกาะ, ธรรมชาติและภูเขา, วัดและวัฒนธรรม, วิถีชีวิตชุมชน, คาเฟ่, ร้านอาหาร",วัดพระบรมธาตุไชยา,5000,48,"🌿 เน้นพักผ่อน / ชิลๆ (Chill), ⛰️ เน้นลุยๆ / ผจญภัย (Adventure), ⛩️ เน้นเรียนรู้วัฒนธรรม / ประวัติศาสตร์ (Culture)","ธรรมชาติและภูเขา, วัดและวัฒนธรรม, ร้านอาหารพื้นบ้าน",เขาสก
"19/8/2026, 8:35:32",1000,8,"🌿 เน้นพักผ่อน / ชิลๆ (Chill), ⛰️ เน้นลุยๆ / ผจญภัย (Adventure)","ทะเลและหมู่เกาะ, วัดและวัฒนธรรม, วิถีชีวิตชุมชน",บ้านน้ำราด,10000,72,"🌿 เน้นพักผ่อน / ชิลๆ (Chill), ⛰️ เน้นลุยๆ / ผจญภัย (Adventure)","ทะเลและหมู่เกาะ, ธรรมชาติและภูเขา, วิถีชีวิตชุมชน",เกาะสมุย
"19/8/2026, 9:02:34",1500,6,🌿 เน้นพักผ่อน / ชิลๆ (Chill),ทะเลและหมู่เกาะ,เกาะสมุย,10000,48,🌿 เน้นพักผ่อน / ชิลๆ (Chill),ทะเลและหมู่เกาะ,เกาะพงัน
"19/8/2026, 10:02:46",1500,8,📸 สายคาเฟ่ / ถ่ายรูป / เช็คอิน (Social),ทะเลและหมู่เกาะ,บ้านน้ำราด,10000,48,🌿 เน้นพักผ่อน / ชิลๆ (Chill),ทะเลและหมู่เกาะ,เกาะสมุย
"19/8/2026, 12:00:50",1000,6,⛩️ เน้นเรียนรู้วัฒนธรรม / ประวัติศาสตร์ (Culture),วิถีชีวิตชุมชน,ป่าต้นน้ำ วัดพระธาตุ,2000,48,⛩️ เน้นเรียนรู้วัฒนธรรม / ประวัติศาสตร์ (Culture),"ธรรมชาติและภูเขา, วัดและวัฒนธรรม",เขื่อน
"19/8/2026, 12:07:20",1000,6,⛩️ เน้นเรียนรู้วัฒนธรรม / ประวัติศาสตร์ (Culture),วิถีชีวิตชุมชน,ป่าต้นน้ำ บ้านน้ำราด,5000,72,⛩️ เน้นเรียนรู้วัฒนธรรม / ประวัติศาสตร์ (Culture),"ทะเลและหมู่เกาะ, วิถีชีวิตชุมชน",เกาะสมุย
"19/8/2026, 12:59:34",1000,8,"🌿 เน้นพักผ่อน / ชิลๆ (Chill), ⛰️ เน้นลุยๆ / ผจญภัย (Adventure), ⛩️ เน้นเรียนรู้วัฒนธรรม / ประวัติศาสตร์ (Culture), 📸 สายคาเฟ่ / ถ่ายรูป / เช็คอิน (Social)","ทะเลและหมู่เกาะ, ธรรมชาติและภูเขา, วัดและวัฒนธรรม, วิถีชีวิตชุมชน, คาเฟ่, ร้านอาหาร",เชื่อนเชี่ยวหลาน วัดพระบรมธาตุไชยา บ้านน้ำราด,1000,48,"🌿 เน้นพักผ่อน / ชิลๆ (Chill), 📸 สายคาเฟ่ / ถ่ายรูป / เช็คอิน (Social)",ทะเลและหมู่เกาะ,เกาะสมุย
"19/8/2026, 13:45:18",1000,12,📸 สายคาเฟ่ / ถ่ายรูป / เช็คอิน (Social),"วัดและวัฒนธรรม, คาเฟ่, ร้านอาหาร",บ้านกลางเมือง,5000,48,🌿 เน้นพักผ่อน / ชิลๆ (Chill),ทะเลและหมู่เกาะ,เกาะสมุย
"19/8/2026, 16:38:44",2000,10,"🌿 เน้นพักผ่อน / ชิลๆ (Chill), 📸 สายคาเฟ่ / ถ่ายรูป / เช็คอิน (Social)","ทะเลและหมู่เกาะ, ธรรมชาติและภูเขา, วัดและวัฒนธรรม, วิถีชีวิตชุมชน, คาเฟ่",ป่าต้นน้ำบ้านน้ำราด,5000,48,"🌿 เน้นพักผ่อน / ชิลๆ (Chill), ⛰️ เน้นลุยๆ / ผจญภัย (Adventure)","ทะเลและหมู่เกาะ, ธรรมชาติและภูเขา, วิถีชีวิตชุมชน",อุทยานแห่งชาติเขาสก
"19/8/2026, 17:28:03",1000,6,🌿 เน้นพักผ่อน / ชิลๆ (Chill),"ทะเลและหมู่เกาะ, ธรรมชาติและภูเขา",บ้านน้ำราด,3000,48,🌿 เน้นพักผ่อน / ชิลๆ (Chill),ธรรมชาติและภูเขา,เกาะสมุย
"19/8/2026, 20:55:55",1500,12,🌿 เน้นพักผ่อน / ชิลๆ (Chill),"ทะเลและหมู่เกาะ, ธรรมชาติและภูเขา",ป่าต้นน่ำ,5000,48,🌿 เน้นพักผ่อน / ชิลๆ (Chill),"ทะเลและหมู่เกาะ, ธรรมชาติและภูเขา",เกาะสมุย
"19/8/2026, 20:57:34",1500,24,🌿 เน้นพักผ่อน / ชิลๆ (Chill),ทะเลและหมู่เกาะ,วัดพระบรมธาตุไชยา ,5000,72,"🌿 เน้นพักผ่อน / ชิลๆ (Chill), 📸 สายคาเฟ่ / ถ่ายรูป / เช็คอิน (Social)","ทะเลและหมู่เกาะ, คาเฟ่, ร้านอาหารพื้นบ้าน",-
"19/8/2026, 20:58:18",2000,24,"🌿 เน้นพักผ่อน / ชิลๆ (Chill), 📸 สายคาเฟ่ / ถ่ายรูป / เช็คอิน (Social)","ทะเลและหมู่เกาะ, คาเฟ่",-,10000,72,"🌿 เน้นพักผ่อน / ชิลๆ (Chill), 📸 สายคาเฟ่ / ถ่ายรูป / เช็คอิน (Social)","ทะเลและหมู่เกาะ, คาเฟ่, ร้านอาหารพื้นบ้าน",-
"19/8/2026, 20:59:08",3000,72,📸 สายคาเฟ่ / ถ่ายรูป / เช็คอิน (Social),"ทะเลและหมู่เกาะ, ธรรมชาติและภูเขา, วิถีชีวิตชุมชน",-,10000,72,"🌿 เน้นพักผ่อน / ชิลๆ (Chill), ⛩️ เน้นเรียนรู้วัฒนธรรม / ประวัติศาสตร์ (Culture), 📸 สายคาเฟ่ / ถ่ายรูป / เช็คอิน (Social)","วัดและวัฒนธรรม, วิถีชีวิตชุมชน, คาเฟ่, ร้านอาหารพื้นบ้าน",-
"19/8/2026, 21:00:00",1000,8,"🌿 เน้นพักผ่อน / ชิลๆ (Chill), ⛰️ เน้นลุยๆ / ผจญภัย (Adventure), ⛩️ เน้นเรียนรู้วัฒนธรรม / ประวัติศาสตร์ (Culture), 📸 สายคาเฟ่ / ถ่ายรูป / เช็คอิน (Social)","ทะเลและหมู่เกาะ, ธรรมชาติและภูเขา, วัดและวัฒนธรรม, วิถีชีวิตชุมชน, คาเฟ่, ร้านอาหาร",ป่าต้นน่ำ,10000,72,"🌿 เน้นพักผ่อน / ชิลๆ (Chill), ⛰️ เน้นลุยๆ / ผจญภัย (Adventure), ⛩️ เน้นเรียนรู้วัฒนธรรม / ประวัติศาสตร์ (Culture), 📸 สายคาเฟ่ / ถ่ายรูป / เช็คอิน (Social)","ทะเลและหมู่เกาะ, ธรรมชาติและภูเขา, วัดและวัฒนธรรม, วิถีชีวิตชุมชน, คาเฟ่, ร้านอาหารพื้นบ้าน",-
"19/8/2026, 21:01:09",1000,6,🌿 เน้นพักผ่อน / ชิลๆ (Chill),ทะเลและหมู่เกาะ,ป่าต้นนํ้า,5000,96,🌿 เน้นพักผ่อน / ชิลๆ (Chill),"ทะเลและหมู่เกาะ, ธรรมชาติและภูเขา",เกาะสมุย
"19/8/2026, 21:03:08",1500,8,🌿 เน้นพักผ่อน / ชิลๆ (Chill),ทะเลและหมู่เกาะ,ป่าต้นน้ำ บ้านน้ำราด,3000,48,🌿 เน้นพักผ่อน / ชิลๆ (Chill),ทะเลและหมู่เกาะ,เกาะสมุย
"19/8/2026, 21:04:49",1500,6,🌿 เน้นพักผ่อน / ชิลๆ (Chill),ทะเลและหมู่เกาะ,ป่าต้นน้ำ บ้านน้ำราด,3000,48,🌿 เน้นพักผ่อน / ชิลๆ (Chill),ทะเลและหมู่เกาะ,เกาะสมุย
"19/8/2026, 21:05:43",1500,6,"🌿 เน้นพักผ่อน / ชิลๆ (Chill), ⛩️ เน้นเรียนรู้วัฒนธรรม / ประวัติศาสตร์ (Culture)",ทะเลและหมู่เกาะ,ป่าต้นน้ำ บ้านน้ำราด,3000,48,"🌿 เน้นพักผ่อน / ชิลๆ (Chill), ⛩️ เน้นเรียนรู้วัฒนธรรม / ประวัติศาสตร์ (Culture)",ทะเลและหมู่เกาะ,เกาะสมุย
"19/8/2026, 21:06:41",1500,6,"🌿 เน้นพักผ่อน / ชิลๆ (Chill), ⛩️ เน้นเรียนรู้วัฒนธรรม / ประวัติศาสตร์ (Culture)",ทะเลและหมู่เกาะ,ป่าต้นน้ำ บ้านน้ำราด,3000,48,"🌿 เน้นพักผ่อน / ชิลๆ (Chill), ⛩️ เน้นเรียนรู้วัฒนธรรม / ประวัติศาสตร์ (Culture)",ทะเลและหมู่เกาะ,เกาะสมุย
"19/8/2026, 21:07:43",1500,8,"🌿 เน้นพักผ่อน / ชิลๆ (Chill), ⛩️ เน้นเรียนรู้วัฒนธรรม / ประวัติศาสตร์ (Culture)",ทะเลและหมู่เกาะ,ป่าต้นน้ำ บ้านน้ำราด,5000,48,"🌿 เน้นพักผ่อน / ชิลๆ (Chill), ⛩️ เน้นเรียนรู้วัฒนธรรม / ประวัติศาสตร์ (Culture)",ทะเลและหมู่เกาะ,เกาะสมุย
"19/8/2026, 21:09:07",1000,8,"🌿 เน้นพักผ่อน / ชิลๆ (Chill), ⛰️ เน้นลุยๆ / ผจญภัย (Adventure)","ทะเลและหมู่เกาะ, ธรรมชาติและภูเขา",ป่าต้นน้ำ ทะเล ,3000,48,"🌿 เน้นพักผ่อน / ชิลๆ (Chill), ⛰️ เน้นลุยๆ / ผจญภัย (Adventure)","ทะเลและหมู่เกาะ, ธรรมชาติและภูเขา",เกาะพะงัน
"19/8/2026, 21:17:36",1500,12,"🌿 เน้นพักผ่อน / ชิลๆ (Chill), ⛩️ เน้นเรียนรู้วัฒนธรรม / ประวัติศาสตร์ (Culture)","ทะเลและหมู่เกาะ, ธรรมชาติและภูเขา, ร้านอาหาร",ป่าต้นน้ำ,3000,48,🌿 เน้นพักผ่อน / ชิลๆ (Chill),ทะเลและหมู่เกาะ,เกาะ
"19/8/2026, 21:33:12",1500,4,"🌿 เน้นพักผ่อน / ชิลๆ (Chill), ⛰️ เน้นลุยๆ / ผจญภัย (Adventure), 📸 สายคาเฟ่ / ถ่ายรูป / เช็คอิน (Social)","ทะเลและหมู่เกาะ, ธรรมชาติและภูเขา, คาเฟ่, ร้านอาหาร",ลำภูคาเฟ่,5000,72,"🌿 เน้นพักผ่อน / ชิลๆ (Chill), ⛰️ เน้นลุยๆ / ผจญภัย (Adventure), 📸 สายคาเฟ่ / ถ่ายรูป / เช็คอิน (Social)","ทะเลและหมู่เกาะ, ธรรมชาติและภูเขา, คาเฟ่",เกาะพงัน
"19/8/2026, 21:35:39",1500,12,🌿 เน้นพักผ่อน / ชิลๆ (Chill),"ทะเลและหมู่เกาะ, ธรรมชาติและภูเขา",เขาสก,5000,48,"🌿 เน้นพักผ่อน / ชิลๆ (Chill), 📸 สายคาเฟ่ / ถ่ายรูป / เช็คอิน (Social)","ธรรมชาติและภูเขา, วิถีชีวิตชุมชน",เกาะพะงัน
"19/8/2026, 21:36:45",1500,12,🌿 เน้นพักผ่อน / ชิลๆ (Chill),ธรรมชาติและภูเขา,พุมเรียง,3000,48,🌿 เน้นพักผ่อน / ชิลๆ (Chill),"ทะเลและหมู่เกาะ, ธรรมชาติและภูเขา",พุมเรียง
"19/8/2026, 21:37:05",1000,6,🌿 เน้นพักผ่อน / ชิลๆ (Chill),ธรรมชาติและภูเขา,เขาศก,3000,48,🌿 เน้นพักผ่อน / ชิลๆ (Chill),ธรรมชาติและภูเขา,เขื่อนรัชชประภา
"19/8/2026, 21:42:15",2000,10,🌿 เน้นพักผ่อน / ชิลๆ (Chill),ทะเลและหมู่เกาะ,เกาะเต่า,4000,48,🌿 เน้นพักผ่อน / ชิลๆ (Chill),ทะเลและหมู่เกาะ,เกาะเต่า
"19/8/2026, 21:46:47",2000,8,🌿 เน้นพักผ่อน / ชิลๆ (Chill),"ทะเลและหมู่เกาะ, ธรรมชาติและภูเขา, วิถีชีวิตชุมชน",เขื่อนรัชชประภา,6000,48,🌿 เน้นพักผ่อน / ชิลๆ (Chill),"ทะเลและหมู่เกาะ, ธรรมชาติและภูเขา, วิถีชีวิตชุมชน",เกาะสมุย
"19/8/2026, 21:47:48",1000,12,🌿 เน้นพักผ่อน / ชิลๆ (Chill),"ธรรมชาติและภูเขา, วิถีชีวิตชุมชน",เขาสก,1500,48,🌿 เน้นพักผ่อน / ชิลๆ (Chill),"ทะเลและหมู่เกาะ, ธรรมชาติและภูเขา",เขาสก
"19/8/2026, 21:49:01",1500,12,🌿 เน้นพักผ่อน / ชิลๆ (Chill),ธรรมชาติและภูเขา,เขื่อนเชี่ยวหลาน,10000,72,🌿 เน้นพักผ่อน / ชิลๆ (Chill),ธรรมชาติและภูเขา,เขื่อนรัชชประภา
"19/8/2026, 21:50:46",2000,8,🌿 เน้นพักผ่อน / ชิลๆ (Chill),ธรรมชาติและภูเขา,เขื่อนรัชชประภา,8000,48,🌿 เน้นพักผ่อน / ชิลๆ (Chill),ทะเลและหมู่เกาะ,เกาะพะงัน
"19/8/2026, 21:51:26",50000,12,🌿 เน้นพักผ่อน / ชิลๆ (Chill),ทะเลและหมู่เกาะ,เกาะสมุย,10000,72,🌿 เน้นพักผ่อน / ชิลๆ (Chill),ทะเลและหมู่เกาะ,เกาะสมุย
"19/8/2026, 21:52:26",1500,8,"🌿 เน้นพักผ่อน / ชิลๆ (Chill), 📸 สายคาเฟ่ / ถ่ายรูป / เช็คอิน (Social)","ธรรมชาติและภูเขา, คาเฟ่, ร้านอาหาร",คาเฟ่  ป่าต้นน้ำ สถานที่ที่เล่นน้ำได้,3000,48,"🌿 เน้นพักผ่อน / ชิลๆ (Chill), 📸 สายคาเฟ่ / ถ่ายรูป / เช็คอิน (Social)","ทะเลและหมู่เกาะ, ธรรมชาติและภูเขา, คาเฟ่, ร้านอาหารพื้นบ้าน",เกาะสมุย  เขื่อนรัชประภา
"19/8/2026, 21:53:41",20000,24,"🌿 เน้นพักผ่อน / ชิลๆ (Chill), ⛰️ เน้นลุยๆ / ผจญภัย (Adventure)","ทะเลและหมู่เกาะ, ธรรมชาติและภูเขา, วัดและวัฒนธรรม",อุทยานแห่งชาติเขาสก,20000,72,"🌿 เน้นพักผ่อน / ชิลๆ (Chill), ⛰️ เน้นลุยๆ / ผจญภัย (Adventure)","ทะเลและหมู่เกาะ, ธรรมชาติและภูเขา, วัดและวัฒนธรรม",เกาะสมุย
"19/8/2026, 21:55:08",3000,6,🌿 เน้นพักผ่อน / ชิลๆ (Chill),ธรรมชาติและภูเขา,เขื่อนรัชประภา,5000,48,🌿 เน้นพักผ่อน / ชิลๆ (Chill),ทะเลและหมู่เกาะ,เกาะสมุย
"19/8/2026, 21:58:28",500,8,"🌿 เน้นพักผ่อน / ชิลๆ (Chill), ⛰️ เน้นลุยๆ / ผจญภัย (Adventure), 📸 สายคาเฟ่ / ถ่ายรูป / เช็คอิน (Social)","ทะเลและหมู่เกาะ, ธรรมชาติและภูเขา",ป่าต้นน้ำ,3000,48,"🌿 เน้นพักผ่อน / ชิลๆ (Chill), ⛰️ เน้นลุยๆ / ผจญภัย (Adventure)","ทะเลและหมู่เกาะ, ธรรมชาติและภูเขา, คาเฟ่, ร้านอาหารพื้นบ้าน",เขื่อนรัชประภา
"19/8/2026, 21:59:08",150010,10,📸 สายคาเฟ่ / ถ่ายรูป / เช็คอิน (Social),ธรรมชาติและภูเขา,เขื่อนรัชชประภา,3000,48,🌿 เน้นพักผ่อน / ชิลๆ (Chill),ธรรมชาติและภูเขา,เขื่อนรัชชประภา
"19/8/2026, 21:59:26",1000,8,⛰️ เน้นลุยๆ / ผจญภัย (Adventure),ธรรมชาติและภูเขา,น้ำตกบางหัวแรด ,6500,72,🌿 เน้นพักผ่อน / ชิลๆ (Chill),ทะเลและหมู่เกาะ,เกาะสมุย
"19/8/2026, 22:00:37",1000,8,"🌿 เน้นพักผ่อน / ชิลๆ (Chill), 📸 สายคาเฟ่ / ถ่ายรูป / เช็คอิน (Social)","ทะเลและหมู่เกาะ, ธรรมชาติและภูเขา",ป่าต้นน้ำ,3000,48,"🌿 เน้นพักผ่อน / ชิลๆ (Chill), 📸 สายคาเฟ่ / ถ่ายรูป / เช็คอิน (Social)","ทะเลและหมู่เกาะ, คาเฟ่",เกาะสมุย
"19/8/2026, 22:02:07",500,8,📸 สายคาเฟ่ / ถ่ายรูป / เช็คอิน (Social),คาเฟ่,Backyard Cafe ,3000,72,🌿 เน้นพักผ่อน / ชิลๆ (Chill),"ทะเลและหมู่เกาะ, ธรรมชาติและภูเขา",เกาะสมุย
"19/8/2026, 22:02:34",4000,10,"🌿 เน้นพักผ่อน / ชิลๆ (Chill), ⛰️ เน้นลุยๆ / ผจญภัย (Adventure)","ทะเลและหมู่เกาะ, ธรรมชาติและภูเขา","เขาสก , เกาะสมุย",6000,48,"🌿 เน้นพักผ่อน / ชิลๆ (Chill), ⛰️ เน้นลุยๆ / ผจญภัย (Adventure)","ทะเลและหมู่เกาะ, ธรรมชาติและภูเขา, วิถีชีวิตชุมชน, ร้านอาหารพื้นบ้าน","เกาะสมุย , เขาสก , เกาะพะงัน , เขื่อนรัชชประภา"
"19/8/2026, 22:05:31",2500,8,📸 สายคาเฟ่ / ถ่ายรูป / เช็คอิน (Social),"วิถีชีวิตชุมชน, คาเฟ่, ร้านอาหาร",ตลาดศาลเจ้า,15000,48,"🌿 เน้นพักผ่อน / ชิลๆ (Chill), 📸 สายคาเฟ่ / ถ่ายรูป / เช็คอิน (Social)","วิถีชีวิตชุมชน, คาเฟ่, ร้านอาหารพื้นบ้าน",เขื่อนรัชชประภา
"19/8/2026, 22:06:59",1500,4,🌿 เน้นพักผ่อน / ชิลๆ (Chill),ธรรมชาติและภูเขา,ป่าต้นนํ้า,10000,48,🌿 เน้นพักผ่อน / ชิลๆ (Chill),ธรรมชาติและภูเขา,เขื่อน
"19/8/2026, 22:07:58",1500,8,🌿 เน้นพักผ่อน / ชิลๆ (Chill),ธรรมชาติและภูเขา,ล่องแก่งเขาสก,5000,72,⛰️ เน้นลุยๆ / ผจญภัย (Adventure),วิถีชีวิตชุมชน,ล่องแก่งเขาสก
"19/8/2026, 22:08:53",500,6,🌿 เน้นพักผ่อน / ชิลๆ (Chill),ธรรมชาติและภูเขา,เขาสก,3000,48,🌿 เน้นพักผ่อน / ชิลๆ (Chill),ธรรมชาติและภูเขา,เขาสก
"19/8/2026, 22:10:10",1500,8,🌿 เน้นพักผ่อน / ชิลๆ (Chill),วัดและวัฒนธรรม,วัดพระธาตุนครศรีธรรมราช,10000,48,🌿 เน้นพักผ่อน / ชิลๆ (Chill),ธรรมชาติและภูเขา,เขาสก
"19/8/2026, 22:13:46",3000,12,🌿 เน้นพักผ่อน / ชิลๆ (Chill),ทะเลและหมู่เกาะ,ป่าต้นน้ำ,3000,48,🌿 เน้นพักผ่อน / ชิลๆ (Chill),ทะเลและหมู่เกาะ,เขื่อนรัชชประภา
"19/8/2026, 22:13:53",2000,8,📸 สายคาเฟ่ / ถ่ายรูป / เช็คอิน (Social),"คาเฟ่, ร้านอาหาร","โชคชัยติ่มซำ , ก๋วยเตี๋ยวเกี๊ยวปลา ,บ้านไร่มีสุข",5000,48,🌿 เน้นพักผ่อน / ชิลๆ (Chill),ธรรมชาติและภูเขา,เขาสก
"19/8/2026, 22:15:15",3500,6,"🌿 เน้นพักผ่อน / ชิลๆ (Chill), ⛰️ เน้นลุยๆ / ผจญภัย (Adventure), 📸 สายคาเฟ่ / ถ่ายรูป / เช็คอิน (Social)","ทะเลและหมู่เกาะ, ธรรมชาติและภูเขา, วิถีชีวิตชุมชน, คาเฟ่, ร้านอาหาร",วัดพระบรมธาตุไชยา ฯลฯ // ป่าต้นน้ำ,10000,72,"🌿 เน้นพักผ่อน / ชิลๆ (Chill), ⛰️ เน้นลุยๆ / ผจญภัย (Adventure), ⛩️ เน้นเรียนรู้วัฒนธรรม / ประวัติศาสตร์ (Culture)","ธรรมชาติและภูเขา, วัดและวัฒนธรรม, วิถีชีวิตชุมชน, คาเฟ่, ร้านอาหารพื้นบ้าน",เขื่อนรัชชประภา
"19/8/2026, 22:15:42",2000,12,🌿 เน้นพักผ่อน / ชิลๆ (Chill),ธรรมชาติและภูเขา,ป่าต้นน้ำ,5000,48,🌿 เน้นพักผ่อน / ชิลๆ (Chill),ธรรมชาติและภูเขา,เขืีอน
"19/8/2026, 22:19:04",20000,12,🌿 เน้นพักผ่อน / ชิลๆ (Chill),"ทะเลและหมู่เกาะ, วิถีชีวิตชุมชน",ป่าต้นน้ำ เกาะพะงัน ,20000,120,"🌿 เน้นพักผ่อน / ชิลๆ (Chill), ⛰️ เน้นลุยๆ / ผจญภัย (Adventure)","ทะเลและหมู่เกาะ, ธรรมชาติและภูเขา, คาเฟ่",เขื่อนรัชชประภา เกาะพะงัน
"19/8/2026, 22:21:45",5000,12,"🌿 เน้นพักผ่อน / ชิลๆ (Chill), 📸 สายคาเฟ่ / ถ่ายรูป / เช็คอิน (Social)","ทะเลและหมู่เกาะ, ธรรมชาติและภูเขา, คาเฟ่, ร้านอาหาร","ไป คาเฟ่Coffee Robot ,เขื่อนรัชชประภา,สะพานแขวนเขาพัง,",12000,72,"🌿 เน้นพักผ่อน / ชิลๆ (Chill), ⛰️ เน้นลุยๆ / ผจญภัย (Adventure), 📸 สายคาเฟ่ / ถ่ายรูป / เช็คอิน (Social)","ทะเลและหมู่เกาะ, ธรรมชาติและภูเขา, คาเฟ่, ร้านอาหารพื้นบ้าน",เกาสมุย  3วัน 2 คืน วันกลับ เเวะคาเฟ่ Robot[โกโก้ปั่นเข้มจ้นมาก]
"19/8/2026, 22:24:57",5000,12,🌿 เน้นพักผ่อน / ชิลๆ (Chill),"ทะเลและหมู่เกาะ, ธรรมชาติและภูเขา",ป่าต้นน้ำ บ้านน้ำราด,5000,72,"🌿 เน้นพักผ่อน / ชิลๆ (Chill), ⛰️ เน้นลุยๆ / ผจญภัย (Adventure), 📸 สายคาเฟ่ / ถ่ายรูป / เช็คอิน (Social)","ทะเลและหมู่เกาะ, ธรรมชาติและภูเขา",เกาะสมุย
"19/8/2026, 22:25:28",1500,8,⛰️ เน้นลุยๆ / ผจญภัย (Adventure),ธรรมชาติและภูเขา,เดินป่าเขาสก,3000,48,⛰️ เน้นลุยๆ / ผจญภัย (Adventure),ธรรมชาติและภูเขา,เขื่อนรัชชประภา
"19/8/2026, 22:26:06",2000,24,"🌿 เน้นพักผ่อน / ชิลๆ (Chill), ⛰️ เน้นลุยๆ / ผจญภัย (Adventure), ⛩️ เน้นเรียนรู้วัฒนธรรม / ประวัติศาสตร์ (Culture), 📸 สายคาเฟ่ / ถ่ายรูป / เช็คอิน (Social)","ทะเลและหมู่เกาะ, ธรรมชาติและภูเขา, ร้านอาหาร",ลำภูคาเฟ่,5000,48,"🌿 เน้นพักผ่อน / ชิลๆ (Chill), ⛰️ เน้นลุยๆ / ผจญภัย (Adventure), ⛩️ เน้นเรียนรู้วัฒนธรรม / ประวัติศาสตร์ (Culture), 📸 สายคาเฟ่ / ถ่ายรูป / เช็คอิน (Social)","ทะเลและหมู่เกาะ, ธรรมชาติและภูเขา, คาเฟ่",เกาะสมุย
"19/8/2026, 22:28:13",5000,15,"🌿 เน้นพักผ่อน / ชิลๆ (Chill), ⛰️ เน้นลุยๆ / ผจญภัย (Adventure)","ทะเลและหมู่เกาะ, ธรรมชาติและภูเขา, คาเฟ่, ร้านอาหาร",เกาะพงัน (ฟูมูนปาร์ตี้),10000,48,"🌿 เน้นพักผ่อน / ชิลๆ (Chill), ⛰️ เน้นลุยๆ / ผจญภัย (Adventure), 📸 สายคาเฟ่ / ถ่ายรูป / เช็คอิน (Social)","ทะเลและหมู่เกาะ, ธรรมชาติและภูเขา, คาเฟ่",เกาะพงัน (ฟูมูนปาร์ตี้)
"19/8/2026, 22:29:07",15000,12,🌿 เน้นพักผ่อน / ชิลๆ (Chill),ทะเลและหมู่เกาะ,บ้านน้ำราด,10000,72,🌿 เน้นพักผ่อน / ชิลๆ (Chill),ทะเลและหมู่เกาะ,เกาะสมุย
"19/8/2026, 22:31:39",1000,8,"🌿 เน้นพักผ่อน / ชิลๆ (Chill), ⛰️ เน้นลุยๆ / ผจญภัย (Adventure), 📸 สายคาเฟ่ / ถ่ายรูป / เช็คอิน (Social)","ทะเลและหมู่เกาะ, ธรรมชาติและภูเขา, วิถีชีวิตชุมชน, คาเฟ่, ร้านอาหาร",ป่าต้นน้ำ,3000,48,"🌿 เน้นพักผ่อน / ชิลๆ (Chill), ⛰️ เน้นลุยๆ / ผจญภัย (Adventure), 📸 สายคาเฟ่ / ถ่ายรูป / เช็คอิน (Social)","ทะเลและหมู่เกาะ, ธรรมชาติและภูเขา, วิถีชีวิตชุมชน, คาเฟ่",เกาะพะงัน
"19/8/2026, 22:32:25",2000,8,"⛰️ เน้นลุยๆ / ผจญภัย (Adventure), 📸 สายคาเฟ่ / ถ่ายรูป / เช็คอิน (Social)","ธรรมชาติและภูเขา, คาเฟ่, ร้านอาหาร",เขาสก,5000,72,📸 สายคาเฟ่ / ถ่ายรูป / เช็คอิน (Social),"ทะเลและหมู่เกาะ, คาเฟ่, ร้านอาหารพื้นบ้าน",เกาะสมุย
"19/8/2026, 22:35:23",1000,8,"🌿 เน้นพักผ่อน / ชิลๆ (Chill), 📸 สายคาเฟ่ / ถ่ายรูป / เช็คอิน (Social)","ทะเลและหมู่เกาะ, ธรรมชาติและภูเขา, คาเฟ่",เขาสก,3000,48,"🌿 เน้นพักผ่อน / ชิลๆ (Chill), 📸 สายคาเฟ่ / ถ่ายรูป / เช็คอิน (Social)","ทะเลและหมู่เกาะ, ธรรมชาติและภูเขา, วัดและวัฒนธรรม",เชาสก
"19/8/2026, 22:41:51",1000,6,⛰️ เน้นลุยๆ / ผจญภัย (Adventure),ธรรมชาติและภูเขา,บ้านน้ำราด,3000,2,⛰️ เน้นลุยๆ / ผจญภัย (Adventure),ธรรมชาติและภูเขา,เกาะสมุย
"19/8/2026, 22:44:22",1000,12,🌿 เน้นพักผ่อน / ชิลๆ (Chill),ธรรมชาติและภูเขา,เขาสก,3000,48,🌿 เน้นพักผ่อน / ชิลๆ (Chill),"ธรรมชาติและภูเขา, วิถีชีวิตชุมชน",โรงเหล้า 99
"19/8/2026, 22:49:12",1500,12,🌿 เน้นพักผ่อน / ชิลๆ (Chill),ธรรมชาติและภูเขา,นาสาร,3000,48,🌿 เน้นพักผ่อน / ชิลๆ (Chill),ธรรมชาติและภูเขา,เกาะสมุย
"19/8/2026, 22:50:27",1000,6,"🌿 เน้นพักผ่อน / ชิลๆ (Chill), ⛰️ เน้นลุยๆ / ผจญภัย (Adventure), ⛩️ เน้นเรียนรู้วัฒนธรรม / ประวัติศาสตร์ (Culture), 📸 สายคาเฟ่ / ถ่ายรูป / เช็คอิน (Social)","ธรรมชาติและภูเขา, วัดและวัฒนธรรม, คาเฟ่",ป่าต้นน้ำบ้านน้ำราด,5000,72,"🌿 เน้นพักผ่อน / ชิลๆ (Chill), ⛰️ เน้นลุยๆ / ผจญภัย (Adventure), ⛩️ เน้นเรียนรู้วัฒนธรรม / ประวัติศาสตร์ (Culture), 📸 สายคาเฟ่ / ถ่ายรูป / เช็คอิน (Social)","ธรรมชาติและภูเขา, วัดและวัฒนธรรม, คาเฟ่",เกาะพงัน
"19/8/2026, 22:52:38",1000,12,⛰️ เน้นลุยๆ / ผจญภัย (Adventure),ทะเลและหมู่เกาะ,เอทีวี เวียงสระ,5000,72,"🌿 เน้นพักผ่อน / ชิลๆ (Chill), ⛰️ เน้นลุยๆ / ผจญภัย (Adventure)","ทะเลและหมู่เกาะ, ธรรมชาติและภูเขา",เกาะสมุย
"19/8/2026, 22:53:09",1500,6,📸 สายคาเฟ่ / ถ่ายรูป / เช็คอิน (Social),คาเฟ่,คาเฟ่,5000,48,"🌿 เน้นพักผ่อน / ชิลๆ (Chill), 📸 สายคาเฟ่ / ถ่ายรูป / เช็คอิน (Social)","วัดและวัฒนธรรม, คาเฟ่",เขื่อน
"19/8/2026, 22:55:38",1000,6,🌿 เน้นพักผ่อน / ชิลๆ (Chill),ธรรมชาติและภูเขา,เขาสก,2000,48,⛰️ เน้นลุยๆ / ผจญภัย (Adventure),ธรรมชาติและภูเขา,เขาสก
"19/8/2026, 23:07:17",1000,8,"🌿 เน้นพักผ่อน / ชิลๆ (Chill), 📸 สายคาเฟ่ / ถ่ายรูป / เช็คอิน (Social)","ทะเลและหมู่เกาะ, ธรรมชาติและภูเขา, วัดและวัฒนธรรม, คาเฟ่",บ้านน้ำราด,5000,3,"🌿 เน้นพักผ่อน / ชิลๆ (Chill), ⛰️ เน้นลุยๆ / ผจญภัย (Adventure)","ทะเลและหมู่เกาะ, ธรรมชาติและภูเขา",เกาะสมุย
"19/8/2026, 23:09:48",2000,12,"🌿 เน้นพักผ่อน / ชิลๆ (Chill), ⛰️ เน้นลุยๆ / ผจญภัย (Adventure), 📸 สายคาเฟ่ / ถ่ายรูป / เช็คอิน (Social)","ทะเลและหมู่เกาะ, ธรรมชาติและภูเขา, คาเฟ่",ทะเล,3000,48,"🌿 เน้นพักผ่อน / ชิลๆ (Chill), ⛰️ เน้นลุยๆ / ผจญภัย (Adventure), 📸 สายคาเฟ่ / ถ่ายรูป / เช็คอิน (Social)","ทะเลและหมู่เกาะ, ธรรมชาติและภูเขา, คาเฟ่",เกาะ
"19/8/2026, 23:10:18",2000,10,📸 สายคาเฟ่ / ถ่ายรูป / เช็คอิน (Social),"คาเฟ่, ร้านอาหาร",ร้านเกาะลำพู2,3500,48,"🌿 เน้นพักผ่อน / ชิลๆ (Chill), 📸 สายคาเฟ่ / ถ่ายรูป / เช็คอิน (Social)","ธรรมชาติและภูเขา, คาเฟ่",เขื่อนรัชชประภา
"20/8/2026, 6:00:54",1500,8,🌿 เน้นพักผ่อน / ชิลๆ (Chill),"ธรรมชาติและภูเขา, ร้านอาหาร",ป่าต้นน้ำบ้านน้ำราด,5000,72,"🌿 เน้นพักผ่อน / ชิลๆ (Chill), ⛰️ เน้นลุยๆ / ผจญภัย (Adventure)","ทะเลและหมู่เกาะ, ธรรมชาติและภูเขา, คาเฟ่, ร้านอาหารพื้นบ้าน",เกาะสมุย
"20/8/2026, 7:32:42",1500,8,⛰️ เน้นลุยๆ / ผจญภัย (Adventure),ธรรมชาติและภูเขา,ป่าต้นน้ำ,3000,48,⛰️ เน้นลุยๆ / ผจญภัย (Adventure),ธรรมชาติและภูเขา,ป่าอุทยาน
"20/8/2026, 7:34:30",1000,8,📸 สายคาเฟ่ / ถ่ายรูป / เช็คอิน (Social),คาเฟ่,ในบ้านดอน,3000,48,🌿 เน้นพักผ่อน / ชิลๆ (Chill),ทะเลและหมู่เกาะ,ทะเล
"20/8/2026, 7:35:33",500,6,📸 สายคาเฟ่ / ถ่ายรูป / เช็คอิน (Social),คาเฟ่,เจ้าชบาคาเฟ่,5000,72,🌿 เน้นพักผ่อน / ชิลๆ (Chill),ธรรมชาติและภูเขา,พัทลุง
"20/8/2026, 7:38:51",1500,8,📸 สายคาเฟ่ / ถ่ายรูป / เช็คอิน (Social),ธรรมชาติและภูเขา,เกาะสมุย,5000,72,⛰️ เน้นลุยๆ / ผจญภัย (Adventure),ทะเลและหมู่เกาะ,เขื่อนรัชประภา
"20/8/2026, 7:39:03",1000,24,"⛰️ เน้นลุยๆ / ผจญภัย (Adventure), 📸 สายคาเฟ่ / ถ่ายรูป / เช็คอิน (Social)","ทะเลและหมู่เกาะ, ธรรมชาติและภูเขา",นํ้าตกที่ไหนซักที่,5000,2,"🌿 เน้นพักผ่อน / ชิลๆ (Chill), ⛰️ เน้นลุยๆ / ผจญภัย (Adventure), 📸 สายคาเฟ่ / ถ่ายรูป / เช็คอิน (Social)","ธรรมชาติและภูเขา, วิถีชีวิตชุมชน, ร้านอาหารพื้นบ้าน",เขื่อน
"20/8/2026, 7:39:22",500,4,"⛩️ เน้นเรียนรู้วัฒนธรรม / ประวัติศาสตร์ (Culture), 📸 สายคาเฟ่ / ถ่ายรูป / เช็คอิน (Social)",ทะเลและหมู่เกาะ,เขาสก,3000,2,"⛩️ เน้นเรียนรู้วัฒนธรรม / ประวัติศาสตร์ (Culture), 📸 สายคาเฟ่ / ถ่ายรูป / เช็คอิน (Social)",ทะเลและหมู่เกาะ,เกาะสมุย
"20/8/2026, 7:39:40",1000,12,⛰️ เน้นลุยๆ / ผจญภัย (Adventure),ทะเลและหมู่เกาะ,ป่าต้นน้ำ บ้นน้ำราด,5000,72,⛰️ เน้นลุยๆ / ผจญภัย (Adventure),"ทะเลและหมู่เกาะ, ธรรมชาติและภูเขา, คาเฟ่",เกาะพะงัน
"20/8/2026, 7:53:03",1500,8,⛰️ เน้นลุยๆ / ผจญภัย (Adventure),ธรรมชาติและภูเขา,ป่าต้นน้ำ,5000,72,⛰️ เน้นลุยๆ / ผจญภัย (Adventure),ทะเลและหมู่เกาะ,เกาะพะงัน
"20/8/2026, 8:21:27",1000,3,"🌿 เน้นพักผ่อน / ชิลๆ (Chill), ⛩️ เน้นเรียนรู้วัฒนธรรม / ประวัติศาสตร์ (Culture)",วิถีชีวิตชุมชน,ริมน้ำ สุราษฎร์,2000,72,"🌿 เน้นพักผ่อน / ชิลๆ (Chill), ⛰️ เน้นลุยๆ / ผจญภัย (Adventure), ⛩️ เน้นเรียนรู้วัฒนธรรม / ประวัติศาสตร์ (Culture)","ทะเลและหมู่เกาะ, ธรรมชาติและภูเขา",เกาะสมุย
"20/8/2026, 8:53:35",10000,12,"🌿 เน้นพักผ่อน / ชิลๆ (Chill), ⛰️ เน้นลุยๆ / ผจญภัย (Adventure), ⛩️ เน้นเรียนรู้วัฒนธรรม / ประวัติศาสตร์ (Culture), 📸 สายคาเฟ่ / ถ่ายรูป / เช็คอิน (Social)","ทะเลและหมู่เกาะ, ธรรมชาติและภูเขา, วัดและวัฒนธรรม, วิถีชีวิตชุมชน, คาเฟ่, ร้านอาหาร",Echo Coffee Roastery,10000,72,"🌿 เน้นพักผ่อน / ชิลๆ (Chill), ⛰️ เน้นลุยๆ / ผจญภัย (Adventure), ⛩️ เน้นเรียนรู้วัฒนธรรม / ประวัติศาสตร์ (Culture), 📸 สายคาเฟ่ / ถ่ายรูป / เช็คอิน (Social)","ทะเลและหมู่เกาะ, ธรรมชาติและภูเขา, วัดและวัฒนธรรม, วิถีชีวิตชุมชน, คาเฟ่, ร้านอาหารพื้นบ้าน",เกาะสมุย
"20/8/2026, 9:23:17",1500,12,🌿 เน้นพักผ่อน / ชิลๆ (Chill),"ธรรมชาติและภูเขา, คาเฟ่, ร้านอาหาร",คาเฟ่,10000,72,🌿 เน้นพักผ่อน / ชิลๆ (Chill),คาเฟ่,เกาะสมุย
"20/8/2026, 9:51:35",500,8,📸 สายคาเฟ่ / ถ่ายรูป / เช็คอิน (Social),คาเฟ่,คาเฟ่,3000,48,🌿 เน้นพักผ่อน / ชิลๆ (Chill),"ธรรมชาติและภูเขา, คาเฟ่",เกาะสมุย
"20/8/2026, 10:09:17",3000,12,🌿 เน้นพักผ่อน / ชิลๆ (Chill),ธรรมชาติและภูเขา,ป่าต้นน้ำ,5000,48,"🌿 เน้นพักผ่อน / ชิลๆ (Chill), ⛰️ เน้นลุยๆ / ผจญภัย (Adventure), 📸 สายคาเฟ่ / ถ่ายรูป / เช็คอิน (Social)","ธรรมชาติและภูเขา, คาเฟ่",นึกไม่ออก
"20/8/2026, 10:19:34",3000,3,🌿 เน้นพักผ่อน / ชิลๆ (Chill),"ธรรมชาติและภูเขา, คาเฟ่, ร้านอาหาร",เขาสก,3000,48,"🌿 เน้นพักผ่อน / ชิลๆ (Chill), 📸 สายคาเฟ่ / ถ่ายรูป / เช็คอิน (Social)","ธรรมชาติและภูเขา, วิถีชีวิตชุมชน, คาเฟ่",เขาสก
"20/8/2026, 11:07:20",3000,8,📸 สายคาเฟ่ / ถ่ายรูป / เช็คอิน (Social),คาเฟ่,คาเฟ่,10000,72,📸 สายคาเฟ่ / ถ่ายรูป / เช็คอิน (Social),คาเฟ่,เกาะสมุย
"20/8/2026, 11:16:58",1500,12,🌿 เน้นพักผ่อน / ชิลๆ (Chill),"ทะเลและหมู่เกาะ, ธรรมชาติและภูเขา, คาเฟ่, ร้านอาหาร",ลำภูคาเฟ่,4000,72,🌿 เน้นพักผ่อน / ชิลๆ (Chill),"ทะเลและหมู่เกาะ, คาเฟ่",เกาะพะงัน
"20/8/2026, 11:41:54",1500,8,"🌿 เน้นพักผ่อน / ชิลๆ (Chill), ⛰️ เน้นลุยๆ / ผจญภัย (Adventure)","ทะเลและหมู่เกาะ, ธรรมชาติและภูเขา",เกาะแรต,5000,1,"🌿 เน้นพักผ่อน / ชิลๆ (Chill), ⛰️ เน้นลุยๆ / ผจญภัย (Adventure)","ทะเลและหมู่เกาะ, ธรรมชาติและภูเขา",เกาะสมุย
"20/8/2026, 15:24:13",3000,8,🌿 เน้นพักผ่อน / ชิลๆ (Chill),ธรรมชาติและภูเขา,เขาสก,10000,72,🌿 เน้นพักผ่อน / ชิลๆ (Chill),"ทะเลและหมู่เกาะ, ธรรมชาติและภูเขา",เกาะพงัน
"20/8/2026, 17:03:05",2000,8,🌿 เน้นพักผ่อน / ชิลๆ (Chill),ทะเลและหมู่เกาะ,ทะเล,5000,48,🌿 เน้นพักผ่อน / ชิลๆ (Chill),ทะเลและหมู่เกาะ,เกาะสมุย
"20/8/2026, 17:06:06",700,8,🌿 เน้นพักผ่อน / ชิลๆ (Chill),"ทะเลและหมู่เกาะ, ธรรมชาติและภูเขา",คลองน้ำใส,5000,48,"🌿 เน้นพักผ่อน / ชิลๆ (Chill), ⛰️ เน้นลุยๆ / ผจญภัย (Adventure)","ทะเลและหมู่เกาะ, ธรรมชาติและภูเขา",เขื่อนรัชชประภา